Id,Prediction,Date,File,StartTime,ElapsedTime,BusyTime,Commands,editOrInsertPercentage,debugPercentage,navigationPercentage,focusPercentage,removePercentage,editPercentage,COMMAND_RATE,NAVIGATION_RATE,DEBUG_RATE,FOCUS_RATE,EDIT_RATE,REMOVE_RATE,INSERT_RATE,webLinkTimes,Web Page Visits
1,,Fri Jan 14 14:18:08 EST 2022,Compiler.java,1642187888551,109678,0,(F)11,0.0,0.0,0.0,100.0,0.0,0.0,0.10091743119266056,0.0,0.0,0.10091743119266056,0.0,0.0,0.0,0.0,[]
,/modelData/A0UserStudy2010.arff,Fri Jan 14 14:18:08 EST 2022,Compiler.java, 1642187888551
2,,Fri Jan 14 14:19:58 EST 2022,Scanner.java,1642187998229,25612,0,(F)4(I)1(F)4,0.1111111111111111,0.0,0.0,88.88888888888889,0.0,0.0,0.36,0.0,0.0,0.32,0.0,0.0,0.04,0.0,[]
3,,Fri Jan 14 14:20:24 EST 2022,Compiler.java,1642188024296,40274,0,(I)1(F)2(I)1(F)2(I)2(R)1(I)6,0.6666666666666666,0.0,0.0,26.666666666666668,0.0,0.0,0.375,0.0,0.0,0.1,0.0,0.025,0.25,0.0,[]
4,,Fri Jan 14 14:21:04 EST 2022,Compiler.java,1642188064570,7738,7738,(I)20,1.0,0.0,0.0,0.0,0.0,0.0,2.857142857142857,0.0,0.0,0.0,0.0,0.0,2.857142857142857,0.0,[]
5,,Fri Jan 14 14:21:12 EST 2022,Compiler.java,1642188072447,3844,3844,(I)13(R)1(I)11,0.96,0.0,0.0,0.0,0.0,0.0,8.333333333333334,0.0,0.0,0.0,0.0,0.3333333333333333,8.0,0.0,[]
6,,Fri Jan 14 14:21:16 EST 2022,Compiler.java,1642188076351,5238,5238,(I)5(R)1(I)6(R)2(I)11,0.88,0.0,0.0,0.0,0.0,0.0,5.0,0.0,0.0,0.0,0.0,0.6,4.4,0.0,[]
7,,Fri Jan 14 14:21:21 EST 2022,Compiler.java,1642188081625,-73369,-73369,(I)13(R)1(I)4,0.9444444444444444,0.0,0.0,0.0,0.0,0.0,0.0,0.0,0.0,0.0,0.0,null,0.0,0.0,[]
8,,Fri Jan 14 14:20:24 EST 2022,Compiler.java,1642188024042,62951,0,(R)1(I)1(R)1(I)1(R)1(I)2(R)1(I)2(R)1(I)1(R)1(I)1(R)1(I)2(R)1(I)3,0.6190476190476191,0.0,0.0,0.0,0.0,0.0,0.3387096774193548,0.0,0.0,0.0,0.0,0.12903225806451613,0.20967741935483872,0.0,[]
9,,Fri Jan 14 14:21:27 EST 2022,Compiler.java,1642188087083,4566,4566,(I)22,1.0,0.0,0.0,0.0,0.0,0.0,5.5,0.0,0.0,0.0,0.0,0.0,5.5,0.0,[]
10,,Fri Jan 14 14:21:31 EST 2022,Compiler.java,1642188091758,4090,4090,(I)3(R)1(I)4(R)1(I)16,0.92,0.0,0.0,0.0,0.0,0.0,6.25,0.0,0.0,0.0,0.0,0.5,5.75,0.0,[]
11,,Fri Jan 14 14:21:35 EST 2022,Compiler.java,1642188095933,2861,2861,(I)3(R)1(I)21,0.96,0.0,0.0,0.0,0.0,0.0,12.5,0.0,0.0,0.0,0.0,0.5,12.0,0.0,[]
12,,Fri Jan 14 14:21:39 EST 2022,Compiler.java,1642188099221,5340,5340,(R)2(I)11(R)1(I)1,0.8,0.0,0.0,0.0,0.0,0.0,3.0,0.0,0.0,0.0,0.0,0.6,2.4,0.0,[]
13,,Fri Jan 14 14:21:45 EST 2022,Compiler.java,1642188105197,3307,3307,(I)25,1.0,0.0,0.0,0.0,0.0,0.0,8.333333333333334,0.0,0.0,0.0,0.0,0.0,8.333333333333334,0.0,[]
14,,Fri Jan 14 14:21:48 EST 2022,Compiler.java,1642188108564,2723,2723,(I)15(R)1(I)9,0.96,0.0,0.0,0.0,0.0,0.0,12.5,0.0,0.0,0.0,0.0,0.5,12.0,0.0,[]
15,,Fri Jan 14 14:21:51 EST 2022,Compiler.java,1642188111368,10571,0,(I)24,1.0,0.0,0.0,0.0,0.0,0.0,2.4,0.0,0.0,0.0,0.0,0.0,2.4,0.0,[]
16,,Fri Jan 14 14:22:01 EST 2022,Compiler.java,1642188121941,14984,0,(I)6(R)6(F)2(I)6,0.6,0.0,0.0,10.0,0.0,0.0,1.4285714285714286,0.0,0.0,0.14285714285714285,0.0,0.42857142857142855,0.8571428571428571,0.0,[]
17,,Fri Jan 14 14:22:16 EST 2022,Compiler.java,1642188136969,-43414,-43414,(I)3(R)2(I)16(R)1(I)1(R)1(I)1,0.84,0.0,0.0,0.0,0.0,0.0,0.0,0.0,0.0,0.0,0.0,null,0.0,0.0,[]
18,,Fri Jan 14 14:21:36 EST 2022,Compiler.java,1642188096579,44148,0,(R)1(I)1(R)1(I)1(R)1(I)2(R)1(I)2(R)1(I)1(R)1(I)1(R)1(I)1(R)4(I)1(R)1(I)2,0.5,0.0,0.0,0.0,0.0,0.0,0.5454545454545454,0.0,0.0,0.0,0.0,0.2727272727272727,0.2727272727272727,0.0,[]
19,,Fri Jan 14 14:22:20 EST 2022,Compiler.java,1642188140795,8983,8983,(I)17(F)2(I)4,0.9130434782608695,0.0,0.0,8.695652173913043,0.0,0.0,2.875,0.0,0.0,0.25,0.0,0.0,2.625,0.0,[]
20,,Fri Jan 14 14:22:29 EST 2022,Compiler.java,1642188149955,4396,4396,(I)4(R)2(I)8(R)4(I)7,0.76,0.0,0.0,0.0,0.0,0.0,6.25,0.0,0.0,0.0,0.0,1.5,4.75,0.0,[]
21,,Fri Jan 14 14:22:34 EST 2022,Compiler.java,1642188154495,6598,6598,(I)15,1.0,0.0,0.0,0.0,0.0,0.0,2.5,0.0,0.0,0.0,0.0,0.0,2.5,0.0,[]
22,,Fri Jan 14 14:22:41 EST 2022,Compiler.java,1642188161093,8204,8204,(I)1(R)1(I)1(F)2(I)2(F)2(I)6,0.6666666666666666,0.0,0.0,26.666666666666668,0.0,0.0,1.875,0.0,0.0,0.5,0.0,0.125,1.25,0.0,[]
23,,Fri Jan 14 14:22:49 EST 2022,Token.java,1642188169330,37003,0,(I)9(F)4,0.6923076923076923,0.0,0.0,30.76923076923077,0.0,0.0,0.35135135135135137,0.0,0.0,0.10810810810810811,0.0,0.0,0.24324324324324326,0.0,[]
24,,Fri Jan 14 14:23:26 EST 2022,Token.java,1642188206797,6365,6365,(I)2(R)1(I)2(R)1(I)1(R)1(I)5(R)1(I)7,0.8095238095238095,0.0,0.0,0.0,0.0,0.0,3.5,0.0,0.0,0.0,0.0,0.6666666666666666,2.8333333333333335,0.0,[]
25,,Fri Jan 14 14:23:34 EST 2022,Token.java,1642188214586,6846,6846,(I)15(R)2(F)1,0.8333333333333334,0.0,0.0,5.555555555555555,0.0,0.0,3.0,0.0,0.0,0.16666666666666666,0.0,0.3333333333333333,2.5,0.0,[]
26,,Fri Jan 14 14:23:43 EST 2022,Token.java,1642188223620,5301,5301,(F)1(R)4(I)19,0.7916666666666666,0.0,0.0,4.166666666666666,0.0,0.0,4.8,0.0,0.0,0.2,0.0,0.8,3.8,0.0,[]
27,,Fri Jan 14 14:23:49 EST 2022,Token.java,1642188229029,6984,6984,(I)18(F)2(I)1,0.9047619047619048,0.0,0.0,9.523809523809524,0.0,0.0,3.5,0.0,0.0,0.3333333333333333,0.0,0.0,3.1666666666666665,0.0,[]
28,,Fri Jan 14 14:23:56 EST 2022,TokenType.java,1642188236134,82773,0,(I)9(F)2(I)5(R)1,0.8235294117647058,0.0,0.0,11.76470588235294,0.0,0.0,0.2073170731707317,0.0,0.0,0.024390243902439025,0.0,0.012195121951219513,0.17073170731707318,0.0,[]
29,,Fri Jan 14 14:25:19 EST 2022,TokenType.java,1642188319032,11574,0,(R)1(F)4(I)2(F)2(I)1(F)2(I)11,0.6086956521739131,0.0,0.0,34.78260869565217,0.0,0.0,2.090909090909091,0.0,0.0,0.7272727272727273,0.0,0.09090909090909091,1.2727272727272727,0.0,[]
30,,Fri Jan 14 14:25:30 EST 2022,TokenType.java,1642188330681,23467,0,(I)6(F)2(I)8(F)2(I)3,0.8095238095238095,0.0,0.0,19.047619047619047,0.0,0.0,0.9130434782608695,0.0,0.0,0.17391304347826086,0.0,0.0,0.7391304347826086,0.0,[]
31,,Fri Jan 14 14:25:54 EST 2022,TokenType.java,1642188354248,5416,5416,(I)3(F)2(I)12(R)2(I)5,0.8333333333333334,0.0,0.0,8.333333333333332,0.0,0.0,4.8,0.0,0.0,0.4,0.0,0.4,4.0,0.0,[]
32,,Fri Jan 14 14:25:59 EST 2022,TokenType.java,1642188359856,7456,7456,(I)1(R)1(I)2(F)2(I)8(F)2(I)5(F)2,0.6956521739130435,0.0,0.0,26.08695652173913,0.0,0.0,3.2857142857142856,0.0,0.0,0.8571428571428571,0.0,0.14285714285714285,2.2857142857142856,0.0,[]
33,,Fri Jan 14 14:26:07 EST 2022,TokenType.java,1642188367515,12288,0,(I)9(F)2(I)13,0.9166666666666666,0.0,0.0,8.333333333333332,0.0,0.0,2.0,0.0,0.0,0.16666666666666666,0.0,0.0,1.8333333333333333,0.0,[]
34,,Fri Jan 14 14:26:19 EST 2022,TokenType.java,1642188379859,6662,6662,(I)4(F)2(I)13,0.8947368421052632,0.0,0.0,10.526315789473683,0.0,0.0,3.1666666666666665,0.0,0.0,0.3333333333333333,0.0,0.0,2.8333333333333335,0.0,[]
35,,Fri Jan 14 14:26:27 EST 2022,TokenType.java,1642188387113,5043,5043,(I)15(R)5(I)5,0.8,0.0,0.0,0.0,0.0,0.0,5.0,0.0,0.0,0.0,0.0,1.0,4.0,0.0,[]
36,,Fri Jan 14 14:26:32 EST 2022,TokenType.java,1642188392344,-7447,-7447,(I)1(R)1(I)5(R)2(I)3(R)1(I)4(R)1(I)1(R)1(I)4,0.75,0.0,0.0,0.0,0.0,0.0,0.0,0.0,0.0,0.0,0.0,null,0.0,0.0,[]
37,,Fri Jan 14 14:26:29 EST 2022,TokenType.java,1642188389909,8094,8094,(R)1(I)1(R)1(I)1(R)1(I)1(R)2(I)4(R)1(I)11,0.75,0.0,0.0,0.0,0.0,0.0,3.0,0.0,0.0,0.0,0.0,0.75,2.25,0.0,[]
38,,Fri Jan 14 14:26:38 EST 2022,TokenType.java,1642188398106,8432,8432,(F)1(I)1(R)1(I)1(F)1(I)8(F)2(I)4,0.7368421052631579,0.0,0.0,21.052631578947366,0.0,0.0,2.375,0.0,0.0,0.5,0.0,0.125,1.75,0.0,[]
39,,Fri Jan 14 14:26:46 EST 2022,TokenType.java,1642188406747,4579,4579,(I)4(R)3(I)14(R)1(I)1,0.8260869565217391,0.0,0.0,0.0,0.0,0.0,5.75,0.0,0.0,0.0,0.0,1.0,4.75,0.0,[]
40,,Fri Jan 14 14:26:51 EST 2022,TokenType.java,1642188411618,21053,0,(F)2(I)5(F)2(I)5(F)2(I)4,0.7,0.0,0.0,30.0,0.0,0.0,0.9523809523809523,0.0,0.0,0.2857142857142857,0.0,0.0,0.6666666666666666,0.0,[]
41,,Fri Jan 14 14:27:12 EST 2022,TokenType.java,1642188432872,8157,8157,(I)7(F)2(I)8(F)2(I)4,0.8260869565217391,0.0,0.0,17.391304347826086,0.0,0.0,2.875,0.0,0.0,0.5,0.0,0.0,2.375,0.0,[]
42,,Fri Jan 14 14:27:21 EST 2022,TokenType.java,1642188441341,3954,3954,(I)10(R)4(I)11,0.84,0.0,0.0,0.0,0.0,0.0,8.333333333333334,0.0,0.0,0.0,0.0,1.3333333333333333,7.0,0.0,[]
43,,Fri Jan 14 14:27:25 EST 2022,TokenType.java,1642188445374,7391,7391,(I)4(F)2(I)1(R)1(I)16,0.875,0.0,0.0,8.333333333333332,0.0,0.0,3.4285714285714284,0.0,0.0,0.2857142857142857,0.0,0.14285714285714285,3.0,0.0,[]
44,,Fri Jan 14 14:27:32 EST 2022,TokenType.java,1642188452855,14705,0,(I)8(R)1(I)2(F)8,0.5263157894736842,0.0,0.0,42.10526315789473,0.0,0.0,1.3571428571428572,0.0,0.0,0.5714285714285714,0.0,0.07142857142857142,0.7142857142857143,0.0,[]
45,,Fri Jan 14 14:27:47 EST 2022,TokenType.java,1642188467873,7730,7730,(I)17(F)2(I)5,0.9166666666666666,0.0,0.0,8.333333333333332,0.0,0.0,3.4285714285714284,0.0,0.0,0.2857142857142857,0.0,0.0,3.142857142857143,0.0,[]
46,,Fri Jan 14 14:27:55 EST 2022,TokenType.java,1642188475929,-21300,-21300,(I)1(R)1(I)1(F)1(I)2(R)1(I)3(R)1(I)4(R)1(I)2(R)1(I)1(R)1(I)1,0.6818181818181818,0.0,0.0,4.545454545454546,0.0,0.0,0.0,0.0,0.0,0.0,0.0,null,0.0,0.0,[]
47,,Fri Jan 14 14:27:47 EST 2022,TokenType.java,1642188467871,30393,0,(I)2(R)1(I)2(R)1(F)1(I)3(R)3(I)1(R)1(I)7,0.6818181818181818,0.0,0.0,4.545454545454546,0.0,0.0,0.7333333333333333,0.0,0.0,0.03333333333333333,0.0,0.2,0.5,0.0,[]
48,,Fri Jan 14 14:28:18 EST 2022,TokenType.java,1642188498738,15397,0,(R)1(I)2(F)2(I)7(F)2(I)8,0.7727272727272727,0.0,0.0,18.181818181818183,0.0,0.0,1.4666666666666666,0.0,0.0,0.26666666666666666,0.0,0.06666666666666667,1.1333333333333333,0.0,[]
49,,Fri Jan 14 14:28:34 EST 2022,TokenType.java,1642188514471,62032,0,(F)4(I)5(F)4(I)3(R)3,0.42105263157894735,0.0,0.0,42.10526315789473,0.0,0.0,0.3064516129032258,0.0,0.0,0.12903225806451613,0.0,0.04838709677419355,0.12903225806451613,0.0,[]
50,,Fri Jan 14 14:29:37 EST 2022,TokenType.java,1642188577422,-1466,-1466,(I)10(R)1(I)6(R)1(I)1(R)1(I)4(R)1,0.84,0.0,0.0,0.0,0.0,0.0,0.0,0.0,0.0,0.0,0.0,null,0.0,0.0,[]
51,,Fri Jan 14 14:29:37 EST 2022,TokenType.java,1642188577421,8009,8009,(I)1(R)1(I)1(R)1(I)1(R)1(I)3(R)2(I)4(R)1(I)9,0.76,0.0,0.0,0.0,0.0,0.0,3.125,0.0,0.0,0.0,0.0,0.75,2.375,0.0,[]
52,,Fri Jan 14 14:29:46 EST 2022,TokenType.java,1642188586581,-3169,-3169,(I)2(F)2(I)5(F)4(I)4,0.6470588235294118,0.0,0.0,35.294117647058826,0.0,0.0,0.0,0.0,0.0,0.0,0.0,null,0.0,0.0,[]
53,,Fri Jan 14 14:29:48 EST 2022,TokenType.java,1642188588868,21093,0,(I)4(R)1(I)1(R)1(I)11(R)2(I)3,0.8260869565217391,0.0,0.0,0.0,0.0,0.0,1.0952380952380953,0.0,0.0,0.0,0.0,0.19047619047619047,0.9047619047619048,0.0,[]
54,,Fri Jan 14 14:30:10 EST 2022,TokenType.java,1642188610345,9831,9831,(F)4(I)5(R)1(I)7(R)1(I)1,0.6842105263157895,0.0,0.0,21.052631578947366,0.0,0.0,2.111111111111111,0.0,0.0,0.4444444444444444,0.0,0.2222222222222222,1.4444444444444444,0.0,[]
55,,Fri Jan 14 14:30:20 EST 2022,TokenType.java,1642188620274,14541,0,(F)2(I)4(R)1(I)2(F)2(I)6,0.7058823529411765,0.0,0.0,23.52941176470588,0.0,0.0,1.2142857142857142,0.0,0.0,0.2857142857142857,0.0,0.07142857142857142,0.8571428571428571,0.0,[]
56,,Fri Jan 14 14:30:34 EST 2022,TokenType.java,1642188634922,15616,0,(I)6(F)2(I)13,0.9047619047619048,0.0,0.0,9.523809523809524,0.0,0.0,1.4,0.0,0.0,0.13333333333333333,0.0,0.0,1.2666666666666666,0.0,[]
57,,Fri Jan 14 14:30:50 EST 2022,TokenType.java,1642188650660,4821,4821,(I)10(R)1(I)8,0.9473684210526315,0.0,0.0,0.0,0.0,0.0,4.75,0.0,0.0,0.0,0.0,0.25,4.5,0.0,[]
58,,Fri Jan 14 14:30:55 EST 2022,TokenType.java,1642188655564,2854,2854,(I)13(R)1(I)11,0.96,0.0,0.0,0.0,0.0,0.0,12.5,0.0,0.0,0.0,0.0,0.5,12.0,0.0,[]
59,,Fri Jan 14 14:30:58 EST 2022,TokenType.java,1642188658537,2102,2102,(I)25,1.0,0.0,0.0,0.0,0.0,0.0,12.5,0.0,0.0,0.0,0.0,0.0,12.5,0.0,[]
60,,Fri Jan 14 14:31:00 EST 2022,TokenType.java,1642188660693,9470,9470,(I)3(R)1(I)9(F)2(I)1,0.8125,0.0,0.0,12.5,0.0,0.0,1.7777777777777777,0.0,0.0,0.2222222222222222,0.0,0.1111111111111111,1.4444444444444444,0.0,[]
61,,Fri Jan 14 14:31:10 EST 2022,TokenType.java,1642188670371,-9164,-9164,(I)2(F)2(I)1(R)1(I)2(R)1(I)1(R)1(I)2(R)1(I)3(R)1(I)2(R)1(I)1(R)1,0.6086956521739131,0.0,0.0,8.695652173913043,0.0,0.0,0.0,0.0,0.0,0.0,0.0,null,0.0,0.0,[]
62,,Fri Jan 14 14:31:01 EST 2022,TokenType.java,1642188661376,19177,0,(I)4(R)1(I)10(R)2(I)4(F)2,0.782608695652174,0.0,0.0,8.695652173913043,0.0,0.0,1.2105263157894737,0.0,0.0,0.10526315789473684,0.0,0.15789473684210525,0.9473684210526315,0.0,[]
63,,Fri Jan 14 14:31:20 EST 2022,TokenType.java,1642188680848,9994,9994,(I)12(R)1(I)2(F)2(I)4(F)1,0.8181818181818182,0.0,0.0,13.636363636363635,0.0,0.0,2.4444444444444446,0.0,0.0,0.3333333333333333,0.0,0.1111111111111111,2.0,0.0,[]
64,,Fri Jan 14 14:31:30 EST 2022,TokenType.java,1642188690842,40188,0,(F)11(I)2,0.15384615384615385,0.0,0.0,84.61538461538461,0.0,0.0,0.325,0.0,0.0,0.275,0.0,0.0,0.05,0.0,[]
65,,Fri Jan 14 14:32:11 EST 2022,TokenType.java,1642188731256,4449,4449,(I)20(F)1,0.9523809523809523,0.0,0.0,4.761904761904762,0.0,0.0,5.25,0.0,0.0,0.25,0.0,0.0,5.0,0.0,[]
66,,Fri Jan 14 14:32:35 EST 2022,TokenType.java,1642188755270,11380,0,(F)1(I)3(R)1(I)1(R)1(I)15,0.8636363636363636,0.0,0.0,4.545454545454546,0.0,0.0,2.0,0.0,0.0,0.09090909090909091,0.0,0.18181818181818182,1.7272727272727273,0.0,[]
67,,Fri Jan 14 14:32:46 EST 2022,TokenType.java,1642188766769,-85922,-85922,(I)8(R)1(I)4(R)1(I)10,0.9166666666666666,0.0,0.0,0.0,0.0,0.0,0.0,0.0,0.0,0.0,0.0,null,0.0,0.0,[]
68,,Fri Jan 14 14:31:22 EST 2022,TokenType.java,1642188682805,95043,0,(R)1(I)6(R)1(I)1(R)1(I)1(R)1(I)1(R)1(I)7,0.7619047619047619,0.0,0.0,0.0,0.0,0.0,0.22105263157894736,0.0,0.0,0.0,0.0,0.05263157894736842,0.16842105263157894,0.0,[]
69,,Fri Jan 14 14:32:58 EST 2022,TokenType.java,1642188778072,10674,0,(I)18,1.0,0.0,0.0,0.0,0.0,0.0,1.8,0.0,0.0,0.0,0.0,0.0,1.8,0.0,[]
70,,Fri Jan 14 14:33:08 EST 2022,TokenType.java,1642188788869,8783,8783,(I)21(R)1,0.9545454545454546,0.0,0.0,0.0,0.0,0.0,2.75,0.0,0.0,0.0,0.0,0.125,2.625,0.0,[]
71,,Fri Jan 14 14:33:17 EST 2022,TokenType.java,1642188797793,-9048,-9048,(R)2(I)14(R)3(I)6,0.8,0.0,0.0,0.0,0.0,0.0,0.0,0.0,0.0,0.0,0.0,null,0.0,0.0,[]
72,,Fri Jan 14 14:33:10 EST 2022,TokenType.java,1642188790856,14796,0,(I)5(R)1(I)1(R)1(I)12(R)1(I)3,0.875,0.0,0.0,0.0,0.0,0.0,1.7142857142857142,0.0,0.0,0.0,0.0,0.21428571428571427,1.5,0.0,[]
73,,Fri Jan 14 14:33:25 EST 2022,Token.java,1642188805798,119669,0,(I)6(F)2(I)1(F)2,0.6363636363636364,0.0,0.0,36.36363636363637,0.0,0.0,0.09243697478991597,0.0,0.0,0.03361344537815126,0.0,0.0,0.058823529411764705,0.0,[]
74,,Fri Jan 14 14:35:25 EST 2022,Token.java,1642188925469,-120093,-120093,(I)24(R)1,0.96,0.0,0.0,0.0,0.0,0.0,0.0,0.0,0.0,0.0,0.0,null,0.0,0.0,[]
75,,Fri Jan 14 14:33:25 EST 2022,Token.java,1642188805523,128461,0,(I)19,1.0,0.0,0.0,0.0,0.0,0.0,0.1484375,0.0,0.0,0.0,0.0,0.0,0.1484375,0.0,[]
76,,Fri Jan 14 14:35:34 EST 2022,Token.java,1642188934132,6028,6028,(I)15(R)1(I)9,0.96,0.0,0.0,0.0,0.0,0.0,4.166666666666667,0.0,0.0,0.0,0.0,0.16666666666666666,4.0,0.0,[]
77,,Fri Jan 14 14:35:40 EST 2022,Token.java,1642188940219,2743,2743,(I)20(R)1(I)4,0.96,0.0,0.0,0.0,0.0,0.0,12.5,0.0,0.0,0.0,0.0,0.5,12.0,0.0,[]
78,,Fri Jan 14 14:35:43 EST 2022,Token.java,1642188943098,3420,3420,(I)24,1.0,0.0,0.0,0.0,0.0,0.0,8.0,0.0,0.0,0.0,0.0,0.0,8.0,0.0,[]
79,,Fri Jan 14 14:35:46 EST 2022,Token.java,1642188946522,4295,4295,(I)16(R)4,0.8,0.0,0.0,0.0,0.0,0.0,5.0,0.0,0.0,0.0,0.0,1.0,4.0,0.0,[]
80,,Fri Jan 14 14:35:51 EST 2022,Token.java,1642188951086,4089,4089,(I)21,1.0,0.0,0.0,0.0,0.0,0.0,5.25,0.0,0.0,0.0,0.0,0.0,5.25,0.0,[]
81,,Fri Jan 14 14:35:55 EST 2022,Token.java,1642188955358,3147,3147,(I)20(R)3,0.8695652173913043,0.0,0.0,0.0,0.0,0.0,7.666666666666667,0.0,0.0,0.0,0.0,1.0,6.666666666666667,0.0,[]
82,,Fri Jan 14 14:35:58 EST 2022,TokenType.java,1642188958647,296748,0,(R)2(I)14(F)1,0.8235294117647058,0.0,0.0,5.88235294117647,0.0,0.0,0.057432432432432436,0.0,0.0,0.0033783783783783786,0.0,0.006756756756756757,0.0472972972972973,0.0,[]
83,,Fri Jan 14 14:40:55 EST 2022,Scanner.java,1642189255395,236156,0,(F)1(I)1(F)2(I)15,0.8421052631578947,0.0,0.0,15.789473684210526,0.0,0.0,0.08050847457627118,0.0,0.0,0.012711864406779662,0.0,0.0,0.06779661016949153,0.0,[]
84,,Fri Jan 14 14:44:51 EST 2022,Scanner.java,1642189491551,56011,0,(F)2(I)14(F)2,0.7777777777777778,0.0,0.0,22.22222222222222,0.0,0.0,0.32142857142857145,0.0,0.0,0.07142857142857142,0.0,0.0,0.25,0.0,[]
85,,Fri Jan 14 14:45:47 EST 2022,TokenType.java,1642189547562,-290186,-290186,(F)4(I)1(R)1(I)1(R)1(I)4(R)1(I)5(R)1(I)3,0.6363636363636364,0.0,0.0,18.181818181818183,0.0,0.0,0.0,0.0,0.0,0.0,0.0,null,0.0,0.0,[]
86,,Fri Jan 14 14:44:46 EST 2022,TokenType.java,1642189486398,1139917,0,(I)11(R)4(I)4,0.7894736842105263,0.0,0.0,0.0,0.0,0.0,0.016681299385425813,0.0,0.0,0.0,0.0,0.003511852502194908,0.013169446883230905,0.0,[]
87,,Fri Jan 14 15:03:49 EST 2022,TokenType.java,1642190629009,14312,0,(I)9(R)2,0.8181818181818182,0.0,0.0,0.0,0.0,0.0,0.7857142857142857,0.0,0.0,0.0,0.0,0.14285714285714285,0.6428571428571429,0.0,[]
88,,Fri Jan 14 15:04:03 EST 2022,TokenType.java,1642190643326,244205,0,(F)4(I)2(R)1(I)10,0.7058823529411765,0.0,0.0,23.52941176470588,0.0,0.0,0.06967213114754098,0.0,0.0,0.01639344262295082,0.0,0.004098360655737705,0.04918032786885246,0.0,[]
89,,Fri Jan 14 15:08:07 EST 2022,TokenType.java,1642190887783,2221,2221,(I)8(R)2(I)1(R)1(I)3(R)1(I)1(R)1(I)1(R)1(I)1(R)1(I)3,0.72,0.0,0.0,0.0,0.0,0.0,12.5,0.0,0.0,0.0,0.0,3.5,9.0,0.0,[]
90,,Fri Jan 14 15:08:10 EST 2022,TokenType.java,1642190890159,5532,5532,(I)6(R)2(I)8(R)1(I)6,0.8695652173913043,0.0,0.0,0.0,0.0,0.0,4.6,0.0,0.0,0.0,0.0,0.6,4.0,0.0,[]
91,,Fri Jan 14 15:08:15 EST 2022,TokenType.java,1642190895876,2668,2668,(I)25,1.0,0.0,0.0,0.0,0.0,0.0,12.5,0.0,0.0,0.0,0.0,0.0,12.5,0.0,[]
92,,Fri Jan 14 15:08:18 EST 2022,TokenType.java,1642190898653,2854,2854,(I)10(R)2(I)7(R)1(I)5,0.88,0.0,0.0,0.0,0.0,0.0,12.5,0.0,0.0,0.0,0.0,1.5,11.0,0.0,[]
93,,Fri Jan 14 15:08:21 EST 2022,TokenType.java,1642190901560,261948,0,(I)5(F)4(I)5(R)1(I)3,0.7222222222222222,0.0,0.0,22.22222222222222,0.0,0.0,0.06896551724137931,0.0,0.0,0.01532567049808429,0.0,0.0038314176245210726,0.04980842911877394,0.0,[]
94,,Fri Jan 14 15:12:43 EST 2022,TokenType.java,1642191163637,7621,7621,(I)7(F)2(I)2(R)2(I)7(R)2,0.7272727272727273,0.0,0.0,9.090909090909092,0.0,0.0,3.142857142857143,0.0,0.0,0.2857142857142857,0.0,0.5714285714285714,2.2857142857142856,0.0,[]
95,,Fri Jan 14 15:12:51 EST 2022,TokenType.java,1642191171329,23814,0,(I)9(F)4(I)8,0.8095238095238095,0.0,0.0,19.047619047619047,0.0,0.0,0.9130434782608695,0.0,0.0,0.17391304347826086,0.0,0.0,0.7391304347826086,0.0,[]
96,,Fri Jan 14 15:13:15 EST 2022,TokenType.java,1642191195264,4581,4581,(I)3(R)1(I)1(R)1(I)1(R)1(I)2(R)1(I)1(R)1(I)1(R)1(I)8,0.7391304347826086,0.0,0.0,0.0,0.0,0.0,5.75,0.0,0.0,0.0,0.0,1.5,4.25,0.0,[]
97,,Fri Jan 14 15:13:20 EST 2022,TokenType.java,1642191200002,4701,4701,(I)12(R)2(I)2(R)2(I)7,0.84,0.0,0.0,0.0,0.0,0.0,6.25,0.0,0.0,0.0,0.0,1.0,5.25,0.0,[]
98,,Fri Jan 14 15:13:24 EST 2022,TokenType.java,1642191204856,3826,3826,(I)25,1.0,0.0,0.0,0.0,0.0,0.0,8.333333333333334,0.0,0.0,0.0,0.0,0.0,8.333333333333334,0.0,[]
99,,Fri Jan 14 15:13:29 EST 2022,TokenType.java,1642191209070,29445,0,(I)6(R)1(I)1(R)2(F)2(I)3,0.6666666666666666,0.0,0.0,13.333333333333334,0.0,0.0,0.5172413793103449,0.0,0.0,0.06896551724137931,0.0,0.10344827586206896,0.3448275862068966,0.0,[]
100,,Fri Jan 14 15:13:58 EST 2022,TokenType.java,1642191238690,7405,7405,(I)16(R)3(I)4,0.8695652173913043,0.0,0.0,0.0,0.0,0.0,3.2857142857142856,0.0,0.0,0.0,0.0,0.42857142857142855,2.857142857142857,0.0,[]
101,,Fri Jan 14 15:14:06 EST 2022,TokenType.java,1642191246134,26724,0,(I)2(R)3(I)3(F)4(I)9,0.6666666666666666,0.0,0.0,19.047619047619047,0.0,0.0,0.8076923076923077,0.0,0.0,0.15384615384615385,0.0,0.11538461538461539,0.5384615384615384,0.0,[]
102,,Fri Jan 14 15:14:33 EST 2022,TokenType.java,1642191273235,8228,8228,(I)22,1.0,0.0,0.0,0.0,0.0,0.0,2.75,0.0,0.0,0.0,0.0,0.0,2.75,0.0,[]
103,,Fri Jan 14 15:14:42 EST 2022,TokenType.java,1642191282401,11016,0,(F)2(I)19,0.9047619047619048,0.0,0.0,9.523809523809524,0.0,0.0,1.9090909090909092,0.0,0.0,0.18181818181818182,0.0,0.0,1.7272727272727273,0.0,[]
104,,Fri Jan 14 15:14:53 EST 2022,TokenType.java,1642191293421,-79399,-79399,(I)7(F)4(I)4(R)1(I)1,0.7058823529411765,0.0,0.0,23.52941176470588,0.0,0.0,0.0,0.0,0.0,0.0,0.0,null,0.0,0.0,[]
105,,Fri Jan 14 15:13:35 EST 2022,TokenType.java,1642191215218,99655,0,(R)1(I)1(R)1(I)1(R)1(I)1(R)1(I)2(R)1(I)1(R)1(I)3(R)1(I)3(R)1(I)4,0.6666666666666666,0.0,0.0,0.0,0.0,0.0,0.24242424242424243,0.0,0.0,0.0,0.0,0.08080808080808081,0.16161616161616163,0.0,[]
106,,Fri Jan 14 15:15:17 EST 2022,TokenType.java,1642191317026,8795,8795,(I)11(R)4(I)6,0.8095238095238095,0.0,0.0,0.0,0.0,0.0,2.625,0.0,0.0,0.0,0.0,0.5,2.125,0.0,[]
107,,Fri Jan 14 15:15:28 EST 2022,TokenType.java,1642191328052,8383,8383,(I)11(F)2(I)9,0.9090909090909091,0.0,0.0,9.090909090909092,0.0,0.0,2.75,0.0,0.0,0.25,0.0,0.0,2.5,0.0,[]
108,,Fri Jan 14 15:15:36 EST 2022,TokenType.java,1642191336568,5251,5251,(I)22,1.0,0.0,0.0,0.0,0.0,0.0,4.4,0.0,0.0,0.0,0.0,0.0,4.4,0.0,[]
109,,Fri Jan 14 15:15:41 EST 2022,TokenType.java,1642191341830,15318,0,(F)2(I)13(F)2(I)3,0.8,0.0,0.0,20.0,0.0,0.0,1.3333333333333333,0.0,0.0,0.26666666666666666,0.0,0.0,1.0666666666666667,0.0,[]
110,,Fri Jan 14 15:15:57 EST 2022,TokenType.java,1642191357148,5176,5176,(I)13(R)4(I)2,0.7894736842105263,0.0,0.0,0.0,0.0,0.0,3.8,0.0,0.0,0.0,0.0,0.8,3.0,0.0,[]
111,,Fri Jan 14 15:16:02 EST 2022,TokenType.java,1642191362460,-38300,-38300,(I)3(F)2(I)6(F)2(R)1(I)1(R)1,0.625,0.0,0.0,25.0,0.0,0.0,0.0,0.0,0.0,0.0,0.0,null,0.0,0.0,[]
112,,Fri Jan 14 15:15:24 EST 2022,TokenType.java,1642191324664,51194,0,(I)17(R)1(I)6,0.9583333333333334,0.0,0.0,0.0,0.0,0.0,0.47058823529411764,0.0,0.0,0.0,0.0,0.0196078431372549,0.45098039215686275,0.0,[]
113,,Fri Jan 14 15:16:16 EST 2022,TokenType.java,1642191376059,61044,0,(I)1(R)2(I)2(F)12,0.17647058823529413,0.0,0.0,70.58823529411765,0.0,0.0,0.2786885245901639,0.0,0.0,0.19672131147540983,0.0,0.03278688524590164,0.04918032786885246,0.0,[]
114,,Fri Jan 14 15:17:18 EST 2022,TokenType.java,1642191438964,41381,0,(F)8(I)7,0.4666666666666667,0.0,0.0,53.333333333333336,0.0,0.0,0.36585365853658536,0.0,0.0,0.1951219512195122,0.0,0.0,0.17073170731707318,0.0,[]
115,,Fri Jan 14 15:18:00 EST 2022,TokenType.java,1642191480858,7640,7640,(I)10(R)1(I)6,0.9411764705882353,0.0,0.0,0.0,0.0,0.0,2.4285714285714284,0.0,0.0,0.0,0.0,0.14285714285714285,2.2857142857142856,0.0,[]
116,,Fri Jan 14 15:18:09 EST 2022,TokenType.java,1642191489068,9287,9287,(R)1(I)2(R)1(I)3(R)4(I)6(F)2,0.5789473684210527,0.0,0.0,10.526315789473683,0.0,0.0,2.111111111111111,0.0,0.0,0.2222222222222222,0.0,0.6666666666666666,1.2222222222222223,0.0,[]
117,,Fri Jan 14 15:18:18 EST 2022,TokenType.java,1642191498355,8857,8857,(F)2(I)20,0.9090909090909091,0.0,0.0,9.090909090909092,0.0,0.0,2.75,0.0,0.0,0.25,0.0,0.0,2.5,0.0,[]
118,,Fri Jan 14 15:18:27 EST 2022,TokenType.java,1642191507304,23167,0,(I)10(F)6,0.625,0.0,0.0,37.5,0.0,0.0,0.6956521739130435,0.0,0.0,0.2608695652173913,0.0,0.0,0.43478260869565216,0.0,[]
119,,Fri Jan 14 15:18:50 EST 2022,TokenType.java,1642191530471,-41404,-41404,(I)11(F)2(I)4(R)1(I)2(R)1,0.8095238095238095,0.0,0.0,9.523809523809524,0.0,0.0,0.0,0.0,0.0,0.0,0.0,null,0.0,0.0,[]
120,,Fri Jan 14 15:18:09 EST 2022,TokenType.java,1642191489274,51121,0,(I)2(R)1(I)1(R)1(I)19,0.9166666666666666,0.0,0.0,0.0,0.0,0.0,0.47058823529411764,0.0,0.0,0.0,0.0,0.0392156862745098,0.43137254901960786,0.0,[]
121,,Fri Jan 14 15:19:00 EST 2022,TokenType.java,1642191540397,5933,5933,(I)3(R)4(I)8(F)2(I)8,0.76,0.0,0.0,8.0,0.0,0.0,5.0,0.0,0.0,0.4,0.0,0.8,3.8,0.0,[]
122,,Fri Jan 14 15:19:06 EST 2022,TokenType.java,1642191546784,11713,0,(F)2(I)6(R)5(I)3,0.5625,0.0,0.0,12.5,0.0,0.0,1.4545454545454546,0.0,0.0,0.18181818181818182,0.0,0.45454545454545453,0.8181818181818182,0.0,[]
123,,Fri Jan 14 15:19:18 EST 2022,TokenType.java,1642191558616,5185,5185,(I)5(R)5(I)2(R)1(I)7(R)1,0.6666666666666666,0.0,0.0,0.0,0.0,0.0,4.2,0.0,0.0,0.0,0.0,1.4,2.8,0.0,[]
124,,Fri Jan 14 15:19:23 EST 2022,TokenType.java,1642191563897,6871505,0,(I)3(R)2(I)1(F)5,0.36363636363636365,0.0,0.0,45.45454545454545,0.0,0.0,0.0016009314510260515,0.0,0.0,7.276961141027507E-4,0.0,2.9107844564110026E-4,5.821568912822005E-4,0.0,[]
125,,Fri Jan 14 17:13:55 EST 2022,TokenType.java,1642198435402,27933,0,(F)3(I)3(R)1(I)8(R)1(I)1,0.7058823529411765,0.0,0.0,17.647058823529413,0.0,0.0,0.6296296296296297,0.0,0.0,0.1111111111111111,0.0,0.07407407407407407,0.4444444444444444,0.0,[]
126,,Fri Jan 14 17:14:23 EST 2022,TokenType.java,1642198463346,-6899548,-6899548,(F)6(I)5(R)1(I)1(R)1(I)1(R)1(I)1(R)1,0.4444444444444444,0.0,0.0,33.33333333333333,0.0,0.0,0.0,0.0,0.0,0.0,0.0,null,0.0,0.0,[]
127,,Fri Jan 14 15:19:23 EST 2022,TokenType.java,1642191563895,6975627,0,(I)2(R)1(I)3(R)1(I)2(R)1(I)3(R)1(I)2(R)7(I)1,0.5416666666666666,0.0,0.0,0.0,0.0,0.0,0.0034408602150537634,0.0,0.0,0.0,0.0,0.0015770609318996416,0.0018637992831541219,0.0,[]
128,,Fri Jan 14 17:15:39 EST 2022,TokenType.java,1642198539671,15158,0,(I)5(F)2(I)13,0.9,0.0,0.0,10.0,0.0,0.0,1.3333333333333333,0.0,0.0,0.13333333333333333,0.0,0.0,1.2,0.0,[]
129,,Fri Jan 14 17:15:54 EST 2022,TokenType.java,1642198554933,3604,3604,(I)25,1.0,0.0,0.0,0.0,0.0,0.0,8.333333333333334,0.0,0.0,0.0,0.0,0.0,8.333333333333334,0.0,[]
130,,Fri Jan 14 17:15:58 EST 2022,TokenType.java,1642198558715,2767,2767,(I)16(R)1(I)8,0.96,0.0,0.0,0.0,0.0,0.0,12.5,0.0,0.0,0.0,0.0,0.5,12.0,0.0,[]
131,,Fri Jan 14 17:16:01 EST 2022,TokenType.java,1642198561564,3700,3700,(I)4(R)1(I)13(R)1(I)6,0.92,0.0,0.0,0.0,0.0,0.0,8.333333333333334,0.0,0.0,0.0,0.0,0.6666666666666666,7.666666666666667,0.0,[]
132,,Fri Jan 14 17:16:05 EST 2022,TokenType.java,1642198565332,30001,0,(I)15(F)4(I)1,0.8,0.0,0.0,20.0,0.0,0.0,0.6666666666666666,0.0,0.0,0.13333333333333333,0.0,0.0,0.5333333333333333,0.0,[]
133,,Fri Jan 14 17:16:36 EST 2022,TokenType.java,1642198596790,6961,6961,(I)12(R)1(I)1(F)1,0.8666666666666667,0.0,0.0,6.666666666666667,0.0,0.0,2.5,0.0,0.0,0.16666666666666666,0.0,0.16666666666666666,2.1666666666666665,0.0,[]
134,,Fri Jan 14 17:16:46 EST 2022,TokenType.java,1642198606942,15991,0,(F)3(I)8(R)2(I)6,0.7368421052631579,0.0,0.0,15.789473684210526,0.0,0.0,1.2666666666666666,0.0,0.0,0.2,0.0,0.13333333333333333,0.9333333333333333,0.0,[]
135,,Fri Jan 14 17:17:03 EST 2022,TokenType.java,1642198623141,-69785,-69785,(I)10(F)4(I)2,0.75,0.0,0.0,25.0,0.0,0.0,0.0,0.0,0.0,0.0,0.0,null,0.0,0.0,[]
136,,Fri Jan 14 17:16:00 EST 2022,TokenType.java,1642198560669,82276,0,(R)1(I)1(R)1(I)1(R)1(I)3(R)1(I)4(R)1(I)4(R)1(I)5,0.75,0.0,0.0,0.0,0.0,0.0,0.2926829268292683,0.0,0.0,0.0,0.0,0.07317073170731707,0.21951219512195122,0.0,[]
137,,Fri Jan 14 17:17:23 EST 2022,TokenType.java,1642198643356,7193,7193,(I)25,1.0,0.0,0.0,0.0,0.0,0.0,3.5714285714285716,0.0,0.0,0.0,0.0,0.0,3.5714285714285716,0.0,[]
138,,Fri Jan 14 17:17:30 EST 2022,TokenType.java,1642198650651,15312,0,(I)13(F)5,0.7222222222222222,0.0,0.0,27.77777777777778,0.0,0.0,1.2,0.0,0.0,0.3333333333333333,0.0,0.0,0.8666666666666667,0.0,[]
139,,Fri Jan 14 17:17:47 EST 2022,TokenType.java,1642198667446,55127,0,(F)11(I)3(R)1,0.2,0.0,0.0,73.33333333333333,0.0,0.0,0.2727272727272727,0.0,0.0,0.2,0.0,0.01818181818181818,0.05454545454545454,0.0,[]
140,,Fri Jan 14 17:18:44 EST 2022,TokenType.java,1642198724594,3741,3741,(I)4(R)1(I)16,0.9523809523809523,0.0,0.0,0.0,0.0,0.0,7.0,0.0,0.0,0.0,0.0,0.3333333333333333,6.666666666666667,0.0,[]
141,,Fri Jan 14 17:18:50 EST 2022,TokenType.java,1642198730928,-80382,-80382,(F)4(I)2(F)1(I)12,0.7368421052631579,0.0,0.0,26.31578947368421,0.0,0.0,0.0,0.0,0.0,0.0,0.0,null,0.0,0.0,[]
142,,Fri Jan 14 17:17:32 EST 2022,TokenType.java,1642198652517,94477,0,(I)4(R)1(I)1(R)1(I)3(R)1(I)1(F)1(I)6(R)1(I)4,0.7916666666666666,0.0,0.0,4.166666666666666,0.0,0.0,0.2553191489361702,0.0,0.0,0.010638297872340425,0.0,0.0425531914893617,0.20212765957446807,0.0,[]
143,,Fri Jan 14 17:19:07 EST 2022,TokenType.java,1642198747085,37001,0,(I)3(R)1(I)11(F)2,0.8235294117647058,0.0,0.0,11.76470588235294,0.0,0.0,0.4594594594594595,0.0,0.0,0.05405405405405406,0.0,0.02702702702702703,0.3783783783783784,0.0,[]
144,,Fri Jan 14 17:19:44 EST 2022,TokenType.java,1642198784086,145595,0,(F)2(I)7(F)2(I)1,0.6666666666666666,0.0,0.0,33.33333333333333,0.0,0.0,0.08275862068965517,0.0,0.0,0.027586206896551724,0.0,0.0,0.05517241379310345,0.0,[]
145,,Fri Jan 14 17:22:09 EST 2022,Compiler.java,1642198929681,174590,0,(F)6(I)1(F)3,0.1,0.0,0.0,90.0,0.0,0.0,0.05747126436781609,0.0,0.0,0.05172413793103448,0.0,0.0,0.005747126436781609,0.0,[]
146,,Fri Jan 14 17:25:04 EST 2022,Compiler.java,1642199104271,18609,0,(F)1(I)1(F)6(I)3(F)1,0.3333333333333333,0.0,0.0,66.66666666666666,0.0,0.0,0.6666666666666666,0.0,0.0,0.4444444444444444,0.0,0.0,0.2222222222222222,0.0,[]
147,,Fri Jan 14 17:25:27 EST 2022,Compiler.java,1642199127461,10038,0,(F)1(I)12(R)2(I)2,0.8235294117647058,0.0,0.0,5.88235294117647,0.0,0.0,1.7,0.0,0.0,0.1,0.0,0.2,1.4,0.0,[]
148,,Fri Jan 14 17:25:39 EST 2022,Compiler.java,1642199139997,-10957,-10957,(F)2(I)1(R)2(I)9(R)1(I)2,0.7058823529411765,0.0,0.0,11.76470588235294,0.0,0.0,0.0,0.0,0.0,0.0,0.0,null,0.0,0.0,[]
149,,Fri Jan 14 17:25:29 EST 2022,Compiler.java,1642199129906,30754,0,(I)2(R)1(I)2(R)1(I)7(F)2(I)4,0.7894736842105263,0.0,0.0,10.526315789473683,0.0,0.0,0.6333333333333333,0.0,0.0,0.06666666666666667,0.0,0.06666666666666667,0.5,0.0,[]
150,,Fri Jan 14 17:26:00 EST 2022,Compiler.java,1642199160858,3078,3078,(I)20(R)3(I)2,0.88,0.0,0.0,0.0,0.0,0.0,8.333333333333334,0.0,0.0,0.0,0.0,1.0,7.333333333333333,0.0,[]
151,,Fri Jan 14 17:26:04 EST 2022,Compiler.java,1642199164217,2766,2766,(I)25,1.0,0.0,0.0,0.0,0.0,0.0,12.5,0.0,0.0,0.0,0.0,0.0,12.5,0.0,[]
152,,Fri Jan 14 17:26:07 EST 2022,Compiler.java,1642199167085,3977,3977,(I)7(R)1(I)6(R)1(I)10,0.92,0.0,0.0,0.0,0.0,0.0,8.333333333333334,0.0,0.0,0.0,0.0,0.6666666666666666,7.666666666666667,0.0,[]
153,,Fri Jan 14 17:26:11 EST 2022,Compiler.java,1642199171114,-17895,-17895,(I)3(R)1(I)1(R)1(I)11,0.8823529411764706,0.0,0.0,0.0,0.0,0.0,0.0,0.0,0.0,0.0,0.0,null,0.0,0.0,[]
154,,Fri Jan 14 17:25:53 EST 2022,Compiler.java,1642199153220,26868,0,(I)4(R)1(I)1(R)1(I)1(R)1(I)1(R)2(I)6(R)1(I)5,0.75,0.0,0.0,0.0,0.0,0.0,0.9230769230769231,0.0,0.0,0.0,0.0,0.23076923076923078,0.6923076923076923,0.0,[]
155,,Fri Jan 14 17:26:21 EST 2022,Compiler.java,1642199181815,16963,0,(I)3(R)2(I)11,0.875,0.0,0.0,0.0,0.0,0.0,1.0,0.0,0.0,0.0,0.0,0.125,0.875,0.0,[]
156,,Fri Jan 14 17:26:38 EST 2022,Compiler.java,1642199198877,5632,5632,(I)9(R)4(I)7,0.8,0.0,0.0,0.0,0.0,0.0,4.0,0.0,0.0,0.0,0.0,0.8,3.2,0.0,[]
157,,Fri Jan 14 17:26:44 EST 2022,Compiler.java,1642199204602,3326,3326,(I)11(R)8(I)6,0.68,0.0,0.0,0.0,0.0,0.0,8.333333333333334,0.0,0.0,0.0,0.0,2.6666666666666665,5.666666666666667,0.0,[]
158,,Fri Jan 14 17:26:48 EST 2022,Compiler.java,1642199208028,12767,0,(I)17,1.0,0.0,0.0,0.0,0.0,0.0,1.4166666666666667,0.0,0.0,0.0,0.0,0.0,1.4166666666666667,0.0,[]
159,,Fri Jan 14 17:27:00 EST 2022,Compiler.java,1642199220829,31260,0,(I)3(R)2(I)5(F)4(D)1,0.5333333333333333,6.666666666666667,0.0,26.666666666666668,0.0,0.0,0.4838709677419355,0.0,0.03225806451612903,0.12903225806451613,0.0,0.06451612903225806,0.25806451612903225,0.0,[]
160,,Fri Jan 14 17:27:32 EST 2022,Compiler.java,1642199252166,-65763,-65763,(D)2(F)3(I)1(F)1(D)2(R)1(I)3,0.3076923076923077,30.76923076923077,0.0,30.76923076923077,0.0,0.0,0.0,0.0,0.0,0.0,0.0,null,0.0,0.0,[]
161,,Fri Jan 14 17:26:27 EST 2022,Compiler.java,1642199187177,156627,0,(R)1(I)5(R)1(I)1(R)1(I)6(R)1(I)2(R)2(I)2(R)1,0.6956521739130435,0.0,0.0,0.0,0.0,0.0,0.14743589743589744,0.0,0.0,0.0,0.0,0.04487179487179487,0.10256410256410256,0.0,[]
162,,Fri Jan 14 17:29:03 EST 2022,Compiler.java,1642199343943,19378,0,(R)3(I)1(R)6(I)3(R)1(I)3,0.4117647058823529,0.0,0.0,0.0,0.0,0.0,0.8947368421052632,0.0,0.0,0.0,0.0,0.5263157894736842,0.3684210526315789,0.0,[]
163,,Fri Jan 14 17:29:24 EST 2022,Compiler.java,1642199364234,9497,9497,(I)16,1.0,0.0,0.0,0.0,0.0,0.0,1.7777777777777777,0.0,0.0,0.0,0.0,0.0,1.7777777777777777,0.0,[]
164,,Fri Jan 14 17:29:33 EST 2022,Compiler.java,1642199373856,11021,0,(I)3(D)1(I)2(D)1(I)5(R)1,0.7692307692307693,15.384615384615385,0.0,0.0,0.0,0.0,1.1818181818181819,0.0,0.18181818181818182,0.0,0.0,0.09090909090909091,0.9090909090909091,0.0,[]
165,,Fri Jan 14 17:29:44 EST 2022,Compiler.java,1642199384431,13965,0,(I)2(R)4(I)2(D)2,0.4,20.0,0.0,0.0,0.0,0.0,0.7692307692307693,0.0,0.15384615384615385,0.0,0.0,0.3076923076923077,0.3076923076923077,0.0,[]
166,,Fri Jan 14 17:29:58 EST 2022,Compiler.java,1642199398400,28503,0,(R)3(I)2(R)4(I)8,0.5882352941176471,0.0,0.0,0.0,0.0,0.0,0.6071428571428571,0.0,0.0,0.0,0.0,0.25,0.35714285714285715,0.0,[]
167,,Fri Jan 14 17:30:26 EST 2022,Compiler.java,1642199426949,4409,4409,(I)19,1.0,0.0,0.0,0.0,0.0,0.0,4.75,0.0,0.0,0.0,0.0,0.0,4.75,0.0,[]
168,,Fri Jan 14 17:30:32 EST 2022,Compiler.java,1642199432627,-46985,-46985,(I)7(R)1(I)11(R)1,0.9,0.0,0.0,0.0,0.0,0.0,0.0,0.0,0.0,0.0,0.0,null,0.0,0.0,[]
169,,Fri Jan 14 17:29:46 EST 2022,Compiler.java,1642199386920,51225,0,(I)2(R)3(I)10(R)1(I)2(R)1(I)1(R)1(I)3(R)1,0.72,0.0,0.0,0.0,0.0,0.0,0.49019607843137253,0.0,0.0,0.0,0.0,0.13725490196078433,0.35294117647058826,0.0,[]
170,,Fri Jan 14 17:30:38 EST 2022,Compiler.java,1642199438753,5908,5908,(I)1(R)1(I)15,0.9411764705882353,0.0,0.0,0.0,0.0,0.0,3.4,0.0,0.0,0.0,0.0,0.2,3.2,0.0,[]
171,,Fri Jan 14 17:30:44 EST 2022,Compiler.java,1642199444725,7469,7469,(I)4(R)9(I)6,0.5263157894736842,0.0,0.0,0.0,0.0,0.0,2.7142857142857144,0.0,0.0,0.0,0.0,1.2857142857142858,1.4285714285714286,0.0,[]
172,,Fri Jan 14 17:30:52 EST 2022,Compiler.java,1642199452655,5287,5287,(I)1(R)13(I)6,0.35,0.0,0.0,0.0,0.0,0.0,4.0,0.0,0.0,0.0,0.0,2.6,1.4,0.0,[]
173,,Fri Jan 14 17:30:58 EST 2022,Compiler.java,1642199458046,8129,8129,(I)4(R)5(I)5(R)1(I)2,0.6470588235294118,0.0,0.0,0.0,0.0,0.0,2.125,0.0,0.0,0.0,0.0,0.75,1.375,0.0,[]
174,,Fri Jan 14 17:31:06 EST 2022,Compiler.java,1642199466684,22404,0,(I)5(D)1(I)4(R)1(I)1,0.8333333333333334,8.333333333333332,0.0,0.0,0.0,0.0,0.5454545454545454,0.0,0.045454545454545456,0.0,0.0,0.045454545454545456,0.45454545454545453,0.0,[]
175,,Fri Jan 14 17:31:31 EST 2022,Compiler.java,1642199491025,7962,7962,(I)1(R)1(I)8(R)3,0.6923076923076923,0.0,0.0,0.0,0.0,0.0,1.8571428571428572,0.0,0.0,0.0,0.0,0.5714285714285714,1.2857142857142858,0.0,[]
176,,Fri Jan 14 17:31:39 EST 2022,Compiler.java,1642199499141,-50967,-50967,(R)3(I)20(R)2,0.8,0.0,0.0,0.0,0.0,0.0,0.0,0.0,0.0,0.0,0.0,null,0.0,0.0,[]
177,,Fri Jan 14 17:30:51 EST 2022,Compiler.java,1642199451203,54693,0,(I)2(R)1(I)1(R)1(I)3(R)1(I)1(R)1(I)1(R)1(I)2(R)1(I)9,0.76,0.0,0.0,0.0,0.0,0.0,0.46296296296296297,0.0,0.0,0.0,0.0,0.1111111111111111,0.35185185185185186,0.0,[]
178,,Fri Jan 14 17:31:46 EST 2022,Scanner.java,1642199506235,53190,0,(I)8(F)2(I)3,0.8461538461538461,0.0,0.0,15.384615384615385,0.0,0.0,0.24528301886792453,0.0,0.0,0.03773584905660377,0.0,0.0,0.20754716981132076,0.0,[]
179,,Fri Jan 14 17:32:40 EST 2022,Scanner.java,1642199560491,0,0,(I)17(R)2(I)4,0.9130434782608695,0.0,0.0,0.0,0.0,0.0,0.0,0.0,0.0,0.0,0.0,null,0.0,0.0,[]
180,,Fri Jan 14 17:32:40 EST 2022,Scanner.java,1642199560715,10066,0,(I)1(R)1(I)1(R)2(I)3(R)1(I)9,0.7777777777777778,0.0,0.0,0.0,0.0,0.0,1.8,0.0,0.0,0.0,0.0,0.4,1.4,0.0,[]
181,,Fri Jan 14 17:32:51 EST 2022,Scanner.java,1642199571163,7679,7679,(I)1(R)1(I)17,0.9473684210526315,0.0,0.0,0.0,0.0,0.0,2.7142857142857144,0.0,0.0,0.0,0.0,0.14285714285714285,2.5714285714285716,0.0,[]
182,,Fri Jan 14 17:32:58 EST 2022,Scanner.java,1642199578962,5320,5320,(I)7(R)1(I)11(R)1,0.9,0.0,0.0,0.0,0.0,0.0,4.0,0.0,0.0,0.0,0.0,0.4,3.6,0.0,[]
183,,Fri Jan 14 17:33:04 EST 2022,Scanner.java,1642199584431,6477,6477,(R)1(I)18,0.9473684210526315,0.0,0.0,0.0,0.0,0.0,3.1666666666666665,0.0,0.0,0.0,0.0,0.16666666666666666,3.0,0.0,[]
184,,Fri Jan 14 17:33:10 EST 2022,Scanner.java,1642199590912,4817,4817,(I)20,1.0,0.0,0.0,0.0,0.0,0.0,5.0,0.0,0.0,0.0,0.0,0.0,5.0,0.0,[]
185,,Fri Jan 14 17:33:16 EST 2022,Scanner.java,1642199596066,-24397,-24397,(I)1(R)1(I)16(R)1(I)5(R)1,0.88,0.0,0.0,0.0,0.0,0.0,0.0,0.0,0.0,0.0,0.0,null,0.0,0.0,[]
186,,Fri Jan 14 17:32:52 EST 2022,Token.java,1642199572552,26663,0,(I)3(R)1(I)5(R)1(I)4(R)1(I)7(R)2(I)1,0.8,0.0,0.0,0.0,0.0,0.0,0.9615384615384616,0.0,0.0,0.0,0.0,0.19230769230769232,0.7692307692307693,0.0,[]
187,,Fri Jan 14 17:33:19 EST 2022,Compiler.java,1642199599217,5912,5912,(I)21,1.0,0.0,0.0,0.0,0.0,0.0,4.2,0.0,0.0,0.0,0.0,0.0,4.2,0.0,[]
188,,Fri Jan 14 17:33:25 EST 2022,Compiler.java,1642199605229,15519,0,(I)6(R)1(I)6,0.9230769230769231,0.0,0.0,0.0,0.0,0.0,0.8666666666666667,0.0,0.0,0.0,0.0,0.06666666666666667,0.8,0.0,[]
189,,Fri Jan 14 17:33:41 EST 2022,Compiler.java,1642199621653,17324,0,(I)13(R)1(F)2,0.8125,0.0,0.0,12.5,0.0,0.0,0.9411764705882353,0.0,0.0,0.11764705882352941,0.0,0.058823529411764705,0.7647058823529411,0.0,[]
190,,Fri Jan 14 17:33:59 EST 2022,Scanner.java,1642199639124,12725,0,(I)15,1.0,0.0,0.0,0.0,0.0,0.0,1.25,0.0,0.0,0.0,0.0,0.0,1.25,0.0,[]
191,,Fri Jan 14 17:34:12 EST 2022,Scanner.java,1642199652001,12545,0,(I)9(R)1(I)7,0.9411764705882353,0.0,0.0,0.0,0.0,0.0,1.4166666666666667,0.0,0.0,0.0,0.0,0.08333333333333333,1.3333333333333333,0.0,[]
192,,Fri Jan 14 17:34:24 EST 2022,Scanner.java,1642199664649,6688,6688,(I)17,1.0,0.0,0.0,0.0,0.0,0.0,2.8333333333333335,0.0,0.0,0.0,0.0,0.0,2.8333333333333335,0.0,[]
193,,Fri Jan 14 17:34:31 EST 2022,Compiler.java,1642199671435,143930,0,(I)1(F)4(I)6,0.6363636363636364,0.0,0.0,36.36363636363637,0.0,0.0,0.07692307692307693,0.0,0.0,0.027972027972027972,0.0,0.0,0.04895104895104895,0.0,[]
194,,Fri Jan 14 17:36:55 EST 2022,Scanner.java,1642199815462,-1427,-1427,(R)1(I)1(R)1(I)2(R)1(I)5(R)1(I)4,0.75,0.0,0.0,0.0,0.0,0.0,0.0,0.0,0.0,0.0,0.0,null,0.0,0.0,[]
195,,Fri Jan 14 17:37:00 EST 2022,Scanner.java,1642199820234,11039,0,(F)2(I)10,0.8333333333333334,0.0,0.0,16.666666666666664,0.0,0.0,1.0909090909090908,0.0,0.0,0.18181818181818182,0.0,0.0,0.9090909090909091,0.0,[]
196,,Fri Jan 14 17:37:13 EST 2022,Scanner.java,1642199833879,5999,5999,(I)12(R)1(I)5,0.9444444444444444,0.0,0.0,0.0,0.0,0.0,3.6,0.0,0.0,0.0,0.0,0.2,3.4,0.0,[]
197,,Fri Jan 14 17:37:19 EST 2022,Compiler.java,1642199839957,8687,8687,(I)11(F)2(I)2(R)1,0.8125,0.0,0.0,12.5,0.0,0.0,2.0,0.0,0.0,0.25,0.0,0.125,1.625,0.0,[]
198,,Fri Jan 14 17:37:28 EST 2022,Scanner.java,1642199848951,9529,9529,(I)11(D)1,0.9166666666666666,8.333333333333332,0.0,0.0,0.0,0.0,1.3333333333333333,0.0,0.1111111111111111,0.0,0.0,0.0,1.2222222222222223,0.0,[]
199,,Fri Jan 14 17:37:38 EST 2022,Scanner.java,1642199858540,-22001,-22001,(I)9(R)1(I)1(R)1(I)1(R)1(I)1(R)1(I)5,0.8095238095238095,0.0,0.0,0.0,0.0,0.0,0.0,0.0,0.0,0.0,0.0,null,0.0,0.0,[]
200,,Fri Jan 14 17:37:18 EST 2022,Scanner.java,1642199838840,34277,0,(R)1(I)2(R)1(I)6(F)2(I)8,0.8,0.0,0.0,10.0,0.0,0.0,0.5882352941176471,0.0,0.0,0.058823529411764705,0.0,0.058823529411764705,0.47058823529411764,0.0,[]
201,,Fri Jan 14 17:37:53 EST 2022,Scanner.java,1642199873182,12886,0,(I)8(F)4,0.6666666666666666,0.0,0.0,33.33333333333333,0.0,0.0,1.0,0.0,0.0,0.3333333333333333,0.0,0.0,0.6666666666666666,0.0,[]
202,,Fri Jan 14 17:38:06 EST 2022,Scanner.java,1642199886079,19015,0,(D)1(I)1(F)2(I)7(D)1,0.6666666666666666,16.666666666666664,0.0,16.666666666666664,0.0,0.0,0.631578947368421,0.0,0.10526315789473684,0.10526315789473684,0.0,0.0,0.42105263157894735,0.0,[]
203,,Fri Jan 14 17:38:25 EST 2022,Scanner.java,1642199905187,11716,0,(I)15,1.0,0.0,0.0,0.0,0.0,0.0,1.3636363636363635,0.0,0.0,0.0,0.0,0.0,1.3636363636363635,0.0,[]
204,,Fri Jan 14 17:38:36 EST 2022,Scanner.java,1642199916903,1594,1594,(D)1,0.0,100.0,0.0,0.0,0.0,0.0,1.0,0.0,1.0,0.0,0.0,0.0,0.0,0.0,[]
205,,Fri Jan 14 17:38:38 EST 2022,Scanner.java,1642199918563,10583,0,(I)10,1.0,0.0,0.0,0.0,0.0,0.0,1.0,0.0,0.0,0.0,0.0,0.0,1.0,0.0,[]
206,,Fri Jan 14 17:38:49 EST 2022,Scanner.java,1642199929261,4370,4370,(I)8(R)2(I)2(R)2(I)11,0.84,0.0,0.0,0.0,0.0,0.0,6.25,0.0,0.0,0.0,0.0,1.0,5.25,0.0,[]
207,,Fri Jan 14 17:38:53 EST 2022,Scanner.java,1642199933805,37146,0,(I)4(D)1(I)3(R)1(I)3,0.8333333333333334,8.333333333333332,0.0,0.0,0.0,0.0,0.32432432432432434,0.0,0.02702702702702703,0.0,0.0,0.02702702702702703,0.2702702702702703,0.0,[]
208,,Fri Jan 14 17:39:32 EST 2022,Scanner.java,1642199972175,-42915,-42915,(I)3(R)1(I)1(R)2(I)1(R)2(I)1(R)1(I)10,0.7272727272727273,0.0,0.0,0.0,0.0,0.0,0.0,0.0,0.0,0.0,0.0,null,0.0,0.0,[]
209,,Fri Jan 14 17:38:50 EST 2022,Scanner.java,1642199930998,50590,0,(R)1(I)1(R)1(I)2(R)1(I)2(R)3(I)11,0.7272727272727273,0.0,0.0,0.0,0.0,0.0,0.44,0.0,0.0,0.0,0.0,0.12,0.32,0.0,[]
210,,Fri Jan 14 17:39:41 EST 2022,Scanner.java,1642199981873,10013,0,(I)8(R)1(I)9,0.9444444444444444,0.0,0.0,0.0,0.0,0.0,1.8,0.0,0.0,0.0,0.0,0.1,1.7,0.0,[]
211,,Fri Jan 14 17:39:52 EST 2022,Scanner.java,1642199992108,5450,5450,(I)20,1.0,0.0,0.0,0.0,0.0,0.0,4.0,0.0,0.0,0.0,0.0,0.0,4.0,0.0,[]
212,,Fri Jan 14 17:39:57 EST 2022,Scanner.java,1642199997626,3215,3215,(I)23,1.0,0.0,0.0,0.0,0.0,0.0,7.666666666666667,0.0,0.0,0.0,0.0,0.0,7.666666666666667,0.0,[]
213,,Fri Jan 14 17:40:00 EST 2022,Scanner.java,1642200000989,4005,4005,(I)22,1.0,0.0,0.0,0.0,0.0,0.0,5.5,0.0,0.0,0.0,0.0,0.0,5.5,0.0,[]
214,,Fri Jan 14 17:40:04 EST 2022,Scanner.java,1642200004998,7325,7325,(I)3(R)3(I)7(R)4(I)5,0.6818181818181818,0.0,0.0,0.0,0.0,0.0,3.142857142857143,0.0,0.0,0.0,0.0,1.0,2.142857142857143,0.0,[]
215,,Fri Jan 14 17:40:12 EST 2022,Scanner.java,1642200012395,-20854,-20854,(I)2(R)1(I)8(R)1(I)2,0.8571428571428571,0.0,0.0,0.0,0.0,0.0,0.0,0.0,0.0,0.0,0.0,null,0.0,0.0,[]
216,,Fri Jan 14 17:39:53 EST 2022,Scanner.java,1642199993023,34876,0,(I)5(R)1(I)1(R)1(I)1(R)1(I)9(R)1,0.8,0.0,0.0,0.0,0.0,0.0,0.5882352941176471,0.0,0.0,0.0,0.0,0.11764705882352941,0.47058823529411764,0.0,[]
217,,Fri Jan 14 17:40:28 EST 2022,Scanner.java,1642200028029,14565,0,(R)3(I)12,0.8,0.0,0.0,0.0,0.0,0.0,1.0714285714285714,0.0,0.0,0.0,0.0,0.21428571428571427,0.8571428571428571,0.0,[]
218,,Fri Jan 14 17:40:42 EST 2022,Scanner.java,1642200042594,57623,0,(I)5(F)2(I)1(R)1,0.6666666666666666,0.0,0.0,22.22222222222222,0.0,0.0,0.15789473684210525,0.0,0.0,0.03508771929824561,0.0,0.017543859649122806,0.10526315789473684,0.0,[]
219,,Fri Jan 14 17:41:40 EST 2022,Scanner.java,1642200100562,4509,4509,(R)1(I)24,0.96,0.0,0.0,0.0,0.0,0.0,6.25,0.0,0.0,0.0,0.0,0.25,6.0,0.0,[]
220,,Fri Jan 14 17:41:45 EST 2022,Scanner.java,1642200105169,13504,0,(I)18,1.0,0.0,0.0,0.0,0.0,0.0,1.3846153846153846,0.0,0.0,0.0,0.0,0.0,1.3846153846153846,0.0,[]
221,,Fri Jan 14 17:41:58 EST 2022,Scanner.java,1642200118675,6058,6058,(I)6(R)1(I)4(R)1(I)12,0.9166666666666666,0.0,0.0,0.0,0.0,0.0,4.0,0.0,0.0,0.0,0.0,0.3333333333333333,3.6666666666666665,0.0,[]
222,,Fri Jan 14 17:42:04 EST 2022,Scanner.java,1642200124739,8760,8760,(I)6(R)1(I)4(R)1(I)9,0.9047619047619048,0.0,0.0,0.0,0.0,0.0,2.625,0.0,0.0,0.0,0.0,0.25,2.375,0.0,[]
223,,Fri Jan 14 17:42:13 EST 2022,Scanner.java,1642200133504,10856,0,(I)7(R)1(I)11,0.9473684210526315,0.0,0.0,0.0,0.0,0.0,1.9,0.0,0.0,0.0,0.0,0.1,1.8,0.0,[]
224,,Fri Jan 14 17:42:24 EST 2022,Scanner.java,1642200144368,40963,0,(I)11(F)2(I)6,0.8947368421052632,0.0,0.0,10.526315789473683,0.0,0.0,0.475,0.0,0.0,0.05,0.0,0.0,0.425,0.0,[]
225,,Fri Jan 14 17:43:05 EST 2022,Scanner.java,1642200185481,3826,3826,(I)2(R)3(I)8(R)3(I)9,0.76,0.0,0.0,0.0,0.0,0.0,8.333333333333334,0.0,0.0,0.0,0.0,2.0,6.333333333333333,0.0,[]
226,,Fri Jan 14 17:43:09 EST 2022,Scanner.java,1642200189583,-48359,-48359,(I)17(R)1(I)1(R)1(I)3(R)1(I)1,0.88,0.0,0.0,0.0,0.0,0.0,0.0,0.0,0.0,0.0,0.0,null,0.0,0.0,[]
227,,Fri Jan 14 17:42:22 EST 2022,Scanner.java,1642200142244,50387,0,(I)4(R)1(I)1(R)1(I)1(R)1(I)4(R)1(I)8(R)1(I)2,0.8,0.0,0.0,0.0,0.0,0.0,0.5,0.0,0.0,0.0,0.0,0.1,0.4,0.0,[]
228,,Fri Jan 14 17:43:12 EST 2022,Scanner.java,1642200192750,10937,0,(I)5(R)2(I)3(R)1(I)1,0.75,0.0,0.0,0.0,0.0,0.0,1.2,0.0,0.0,0.0,0.0,0.3,0.9,0.0,[]
229,,Fri Jan 14 17:43:23 EST 2022,Scanner.java,1642200203855,21221,0,(I)1(F)2(I)1(R)2(I)6,0.6666666666666666,0.0,0.0,16.666666666666664,0.0,0.0,0.5714285714285714,0.0,0.0,0.09523809523809523,0.0,0.09523809523809523,0.38095238095238093,0.0,[]
230,,Fri Jan 14 17:43:45 EST 2022,Scanner.java,1642200225076,5221,5221,(I)3(R)2(I)1(R)1(I)14,0.8571428571428571,0.0,0.0,0.0,0.0,0.0,4.2,0.0,0.0,0.0,0.0,0.6,3.6,0.0,[]
231,,Fri Jan 14 17:43:50 EST 2022,Scanner.java,1642200230731,4895,4895,(R)2(I)14(R)1(I)2,0.8421052631578947,0.0,0.0,0.0,0.0,0.0,4.75,0.0,0.0,0.0,0.0,0.75,4.0,0.0,[]
232,,Fri Jan 14 17:43:56 EST 2022,Scanner.java,1642200236100,12536,0,(I)1(F)2(I)16(F)1,0.85,0.0,0.0,15.0,0.0,0.0,1.6666666666666667,0.0,0.0,0.25,0.0,0.0,1.4166666666666667,0.0,[]
233,,Fri Jan 14 17:44:08 EST 2022,Scanner.java,1642200248636,4828,4828,(F)1(I)1(R)1(I)15(R)4(I)1,0.7391304347826086,0.0,0.0,4.3478260869565215,0.0,0.0,5.75,0.0,0.0,0.25,0.0,1.25,4.25,0.0,[]
234,,Fri Jan 14 17:44:13 EST 2022,Scanner.java,1642200253570,12990,0,(I)17,1.0,0.0,0.0,0.0,0.0,0.0,1.4166666666666667,0.0,0.0,0.0,0.0,0.0,1.4166666666666667,0.0,[]
235,,Fri Jan 14 17:44:39 EST 2022,Scanner.java,1642200279973,3415,3415,(I)24,1.0,0.0,0.0,0.0,0.0,0.0,8.0,0.0,0.0,0.0,0.0,0.0,8.0,0.0,[]
236,,Fri Jan 14 17:44:43 EST 2022,Scanner.java,1642200283513,-50681,-50681,(I)5(R)13(I)5(R)1(I)1,0.44,0.0,0.0,0.0,0.0,0.0,0.0,0.0,0.0,0.0,0.0,null,0.0,0.0,[]
237,,Fri Jan 14 17:43:54 EST 2022,Scanner.java,1642200234596,53440,0,(I)2(R)1(I)6(R)1(I)1(R)1(I)5(R)1(I)1(R)1(I)1(R)1(I)3,0.76,0.0,0.0,0.0,0.0,0.0,0.4716981132075472,0.0,0.0,0.0,0.0,0.11320754716981132,0.3584905660377358,0.0,[]
238,,Fri Jan 14 17:44:48 EST 2022,Scanner.java,1642200288246,5743,5743,(I)3(R)9(I)3(R)3(I)7,0.52,0.0,0.0,0.0,0.0,0.0,5.0,0.0,0.0,0.0,0.0,2.4,2.6,0.0,[]
239,,Fri Jan 14 17:44:54 EST 2022,Scanner.java,1642200294189,5032,5032,(I)21(R)1,0.9545454545454546,0.0,0.0,0.0,0.0,0.0,4.4,0.0,0.0,0.0,0.0,0.2,4.2,0.0,[]
240,,Fri Jan 14 17:44:59 EST 2022,Scanner.java,1642200299336,5211,5211,(R)16(I)1(R)1(I)4,0.22727272727272727,0.0,0.0,0.0,0.0,0.0,4.4,0.0,0.0,0.0,0.0,3.4,1.0,0.0,[]
241,,Fri Jan 14 17:45:04 EST 2022,Scanner.java,1642200304709,130272,0,(I)1(F)4(R)1(I)1(F)2(I)4,0.46153846153846156,0.0,0.0,46.15384615384615,0.0,0.0,0.1,0.0,0.0,0.046153846153846156,0.0,0.007692307692307693,0.046153846153846156,0.0,[]
242,,Fri Jan 14 17:47:15 EST 2022,Scanner.java,1642200435110,14695,0,(I)3(F)2(I)10,0.8666666666666667,0.0,0.0,13.333333333333334,0.0,0.0,1.0714285714285714,0.0,0.0,0.14285714285714285,0.0,0.0,0.9285714285714286,0.0,[]
243,,Fri Jan 14 17:47:29 EST 2022,Scanner.java,1642200449917,2866,2866,(I)6(R)1(I)1(R)1(I)3(R)1(I)2(R)1(I)5,0.8095238095238095,0.0,0.0,0.0,0.0,0.0,10.5,0.0,0.0,0.0,0.0,2.0,8.5,0.0,[]
244,,Fri Jan 14 17:47:33 EST 2022,Scanner.java,1642200453953,8546,8546,(I)23,1.0,0.0,0.0,0.0,0.0,0.0,2.875,0.0,0.0,0.0,0.0,0.0,2.875,0.0,[]
245,,Fri Jan 14 17:47:42 EST 2022,Scanner.java,1642200462580,7481,7481,(I)15(R)2(I)3,0.9,0.0,0.0,0.0,0.0,0.0,2.857142857142857,0.0,0.0,0.0,0.0,0.2857142857142857,2.5714285714285716,0.0,[]
246,,Fri Jan 14 17:47:50 EST 2022,Scanner.java,1642200470213,11691,0,(I)2(R)1(I)16,0.9473684210526315,0.0,0.0,0.0,0.0,0.0,1.7272727272727273,0.0,0.0,0.0,0.0,0.09090909090909091,1.6363636363636365,0.0,[]
247,,Fri Jan 14 17:48:02 EST 2022,Scanner.java,1642200482528,8205,8205,(I)5(R)2(I)7(R)2(I)4,0.8,0.0,0.0,0.0,0.0,0.0,2.5,0.0,0.0,0.0,0.0,0.5,2.0,0.0,[]
248,,Fri Jan 14 17:48:10 EST 2022,Scanner.java,1642200490781,2556,2556,(I)14(R)4(I)7,0.84,0.0,0.0,0.0,0.0,0.0,12.5,0.0,0.0,0.0,0.0,2.0,10.5,0.0,[]
249,,Fri Jan 14 17:48:13 EST 2022,Scanner.java,1642200493422,8538,8538,(I)13(R)1(I)7,0.9523809523809523,0.0,0.0,0.0,0.0,0.0,2.625,0.0,0.0,0.0,0.0,0.125,2.5,0.0,[]
250,,Fri Jan 14 17:48:22 EST 2022,Scanner.java,1642200502320,61,61,(R)1(I)3(R)1(I)5(R)1(I)1(R)1(I)1(R)1(I)2(R)1(I)1(R)1(I)1,0.6666666666666666,0.0,0.0,0.0,0.0,0.0,0.0,0.0,0.0,0.0,0.0,null,0.0,0.0,[]
251,,Fri Jan 14 17:48:23 EST 2022,Scanner.java,1642200503512,4535,4535,(I)4(R)1(I)12(R)2(I)1,0.85,0.0,0.0,0.0,0.0,0.0,5.0,0.0,0.0,0.0,0.0,0.75,4.25,0.0,[]
252,,Fri Jan 14 17:48:28 EST 2022,Scanner.java,1642200508172,7881,7881,(I)18,1.0,0.0,0.0,0.0,0.0,0.0,2.5714285714285716,0.0,0.0,0.0,0.0,0.0,2.5714285714285716,0.0,[]
253,,Fri Jan 14 17:48:36 EST 2022,Scanner.java,1642200516053,5662,5662,(I)14,1.0,0.0,0.0,0.0,0.0,0.0,2.8,0.0,0.0,0.0,0.0,0.0,2.8,0.0,[]
254,,Fri Jan 14 17:48:41 EST 2022,Scanner.java,1642200521976,17358,0,(R)1(I)3(F)2(I)3(R)1(I)1(R)1(I)1,0.6153846153846154,0.0,0.0,15.384615384615385,0.0,0.0,0.7647058823529411,0.0,0.0,0.11764705882352941,0.0,0.17647058823529413,0.47058823529411764,0.0,[]
255,,Fri Jan 14 17:49:00 EST 2022,Scanner.java,1642200540336,14134,0,(R)1(I)2(R)1(I)1(R)9,0.21428571428571427,0.0,0.0,0.0,0.0,0.0,1.0,0.0,0.0,0.0,0.0,0.7857142857142857,0.21428571428571427,0.0,[]
256,,Fri Jan 14 17:49:16 EST 2022,Scanner.java,1642200556678,23861,0,(I)1(D)1(I)1(R)1(I)1(D)1(I)3,0.6666666666666666,22.22222222222222,0.0,0.0,0.0,0.0,0.391304347826087,0.0,0.08695652173913043,0.0,0.0,0.043478260869565216,0.2608695652173913,0.0,[]
257,,Fri Jan 14 17:49:41 EST 2022,Scanner.java,1642200581303,23975,0,(R)1(I)14,0.9333333333333333,0.0,0.0,0.0,0.0,0.0,0.6521739130434783,0.0,0.0,0.0,0.0,0.043478260869565216,0.6086956521739131,0.0,[]
258,,Fri Jan 14 17:50:06 EST 2022,Scanner.java,1642200606761,-68591,-68591,(D)1(F)2(I)7(R)1(I)2(R)1(I)1,0.6666666666666666,6.666666666666667,0.0,13.333333333333334,0.0,0.0,0.0,0.0,0.0,0.0,0.0,null,0.0,0.0,[]
259,,Fri Jan 14 17:48:59 EST 2022,Scanner.java,1642200539215,90992,0,(R)1(I)1(R)3(I)2(R)1(I)15,0.782608695652174,0.0,0.0,0.0,0.0,0.0,0.25555555555555554,0.0,0.0,0.0,0.0,0.05555555555555555,0.2,0.0,[]
260,,Fri Jan 14 17:50:30 EST 2022,Scanner.java,1642200630425,3881,3881,(I)24(R)1,0.96,0.0,0.0,0.0,0.0,0.0,8.333333333333334,0.0,0.0,0.0,0.0,0.3333333333333333,8.0,0.0,[]
261,,Fri Jan 14 17:50:34 EST 2022,Scanner.java,1642200634449,70454,0,(R)2(I)1(F)2(I)7,0.6666666666666666,0.0,0.0,16.666666666666664,0.0,0.0,0.17142857142857143,0.0,0.0,0.02857142857142857,0.0,0.02857142857142857,0.11428571428571428,0.0,[]
262,,Fri Jan 14 17:51:45 EST 2022,Scanner.java,1642200705089,36337,0,(I)12(R)5(I)7,0.7916666666666666,0.0,0.0,0.0,0.0,0.0,0.6666666666666666,0.0,0.0,0.0,0.0,0.1388888888888889,0.5277777777777778,0.0,[]
263,,Fri Jan 14 17:52:21 EST 2022,Scanner.java,1642200741553,3721,3721,(I)25,1.0,0.0,0.0,0.0,0.0,0.0,8.333333333333334,0.0,0.0,0.0,0.0,0.0,8.333333333333334,0.0,[]
264,,Fri Jan 14 17:52:25 EST 2022,Scanner.java,1642200745331,3523,3523,(I)2(R)4(I)6(R)4(I)9,0.68,0.0,0.0,0.0,0.0,0.0,8.333333333333334,0.0,0.0,0.0,0.0,2.6666666666666665,5.666666666666667,0.0,[]
265,,Fri Jan 14 17:52:29 EST 2022,Scanner.java,1642200749050,4885,4885,(I)3(R)1(I)1(R)1(I)1(R)1(I)1(R)1(I)5,0.7333333333333333,0.0,0.0,0.0,0.0,0.0,3.75,0.0,0.0,0.0,0.0,1.0,2.75,0.0,[]
266,,Fri Jan 14 17:52:34 EST 2022,Scanner.java,1642200754274,5927,5927,(I)22,1.0,0.0,0.0,0.0,0.0,0.0,4.4,0.0,0.0,0.0,0.0,0.0,4.4,0.0,[]
267,,Fri Jan 14 17:52:40 EST 2022,Scanner.java,1642200760816,6344,6344,(I)12,1.0,0.0,0.0,0.0,0.0,0.0,2.0,0.0,0.0,0.0,0.0,0.0,2.0,0.0,[]
268,,Fri Jan 14 17:52:47 EST 2022,Scanner.java,1642200767343,22252,0,(I)8(R)1(I)3(R)1(I)9,0.9090909090909091,0.0,0.0,0.0,0.0,0.0,1.0,0.0,0.0,0.0,0.0,0.09090909090909091,0.9090909090909091,0.0,[]
269,,Fri Jan 14 17:53:09 EST 2022,Scanner.java,1642200789699,6432,6432,(I)5(R)6(I)12,0.7391304347826086,0.0,0.0,0.0,0.0,0.0,3.8333333333333335,0.0,0.0,0.0,0.0,1.0,2.8333333333333335,0.0,[]
270,,Fri Jan 14 17:53:16 EST 2022,Scanner.java,1642200796730,2790,2790,(I)3(R)4(I)18,0.84,0.0,0.0,0.0,0.0,0.0,12.5,0.0,0.0,0.0,0.0,2.0,10.5,0.0,[]
271,,Fri Jan 14 17:53:20 EST 2022,Scanner.java,1642200800471,7433,7433,(R)4(I)4(R)4(I)12,0.6666666666666666,0.0,0.0,0.0,0.0,0.0,3.4285714285714284,0.0,0.0,0.0,0.0,1.1428571428571428,2.2857142857142856,0.0,[]
272,,Fri Jan 14 17:53:28 EST 2022,Scanner.java,1642200808110,12830,0,(I)17,1.0,0.0,0.0,0.0,0.0,0.0,1.4166666666666667,0.0,0.0,0.0,0.0,0.0,1.4166666666666667,0.0,[]
273,,Fri Jan 14 17:53:41 EST 2022,Scanner.java,1642200821044,11097,0,(I)14,1.0,0.0,0.0,0.0,0.0,0.0,1.2727272727272727,0.0,0.0,0.0,0.0,0.0,1.2727272727272727,0.0,[]
274,,Fri Jan 14 17:53:52 EST 2022,Scanner.java,1642200832148,43173,0,(I)7(F)2(I)4,0.8461538461538461,0.0,0.0,15.384615384615385,0.0,0.0,0.3023255813953488,0.0,0.0,0.046511627906976744,0.0,0.0,0.2558139534883721,0.0,[]
275,,Fri Jan 14 17:54:35 EST 2022,Scanner.java,1642200875432,-74197,-74197,(I)12(R)1(I)3(R)1(I)1(R)1(I)1,0.85,0.0,0.0,0.0,0.0,0.0,0.0,0.0,0.0,0.0,0.0,null,0.0,0.0,[]
276,,Fri Jan 14 17:53:22 EST 2022,Scanner.java,1642200802240,85011,0,(R)1(I)23,0.9583333333333334,0.0,0.0,0.0,0.0,0.0,0.2823529411764706,0.0,0.0,0.0,0.0,0.011764705882352941,0.27058823529411763,0.0,[]
277,,Fri Jan 14 17:54:47 EST 2022,Scanner.java,1642200887321,21736,0,(I)1(R)1(I)9(R)2(I)2,0.8,0.0,0.0,0.0,0.0,0.0,0.7142857142857143,0.0,0.0,0.0,0.0,0.14285714285714285,0.5714285714285714,0.0,[]
278,,Fri Jan 14 17:55:09 EST 2022,Scanner.java,1642200909159,4787,4787,(I)6(R)2(I)11,0.8947368421052632,0.0,0.0,0.0,0.0,0.0,4.75,0.0,0.0,0.0,0.0,0.5,4.25,0.0,[]
279,,Fri Jan 14 17:55:13 EST 2022,Scanner.java,1642200913953,48852,0,(I)1(R)1(I)12,0.9285714285714286,0.0,0.0,0.0,0.0,0.0,0.2916666666666667,0.0,0.0,0.0,0.0,0.020833333333333332,0.2708333333333333,0.0,[]
280,,Fri Jan 14 17:56:03 EST 2022,Scanner.java,1642200963195,4430,4430,(I)7(R)11(I)6,0.5416666666666666,0.0,0.0,0.0,0.0,0.0,6.0,0.0,0.0,0.0,0.0,2.75,3.25,0.0,[]
281,,Fri Jan 14 17:56:07 EST 2022,Scanner.java,1642200967858,6861,6861,(I)4(D)1,0.8,20.0,0.0,0.0,0.0,0.0,0.8333333333333334,0.0,0.16666666666666666,0.0,0.0,0.0,0.6666666666666666,0.0,[]
